S,E,N,T,E,N,C,E,_,E,N,D
S,E,N,T,E,N,C,E,_,S,T,A,R,T
","
a
t,h,e
t,o
u,n,t,i,l
i,n
m,i,n,u,t,e,s
h,e,a,t
w,i,t,h
s,t,i,r
S,T,O,P
b,o,w,l
c,o,o,k
i,n,t,o
m,i,x,t,u,r,e
o,v,e,r
l,a,r,g,e
o,v,e,n
w,a,t,e,r
a,d,d
a,b,o,u,t
m,i,x
p,l,a,c,e
o,f
f,o,r
p,e,p,p,e,r
i,s
d,e,g,r,e,e,s
m,e,d,i,u,m
b,o,i,l
d,r,a,i,n
b,a,k,e
c,h,e,e,s,e
f
c,o,v,e,r
s,k,i,l,l,e,t
b,r,i,n,g
s,a,u,c,e
p,o,u,r
s,a,l,t
p,r,e,h,e,a,t
r,e,m,o,v,e
c,o,m,b,i,n,e
1,0
t,o,p
f,r,o,m
o,n
o,i,l
p,r,e,h,e,a,t,e,d
p,a,n
5
n,o,o,d,l,e,s
s,e,t
d,i,s,h
c,h,i,c,k,e,n
b,e,e,f
s,i,m,m,e,r
3,5,0
s,e,r,v,e
1
o,n,i,o,n
p,o,t
b,r,o,w,n
s,p,r,i,n,k,l,e
t,e,n,d,e,r
e,g,g,s
s,e,r,v,i,n,g
h,o,t
p,o,t,a,t,o,e,s
s,t,i,r,r,i,n,g
b,u,t,t,e,r
s,a,u,c,e,p,a,n
b,a,k,i,n,g
s,e,a,s,o,n
c,o,o,l
m,e,a,t
r,e,d,u,c,e
b,r,o,w,n,e,d
t,o,s,s
w,h,i,s,k
1,5
a,r,e
s,p,r,e,a,d
2
l,e,t
b,e,f,o,r,e
g,a,r,l,i,c
g,r,e,a,s,e
e,g,g
s,u,g,a,r
m,e,d,i,u,m,-,h,i,g,h
3,0
s,m,a,l,l
h,i,g,h
8
d,r,e,s,s,i,n,g
l,o,w
h,o,u,r,s
s,m,o,o,t,h
r,e,f,r,i,g,e,r,a,t,e
t,h,r,o,u,g,h
c,o,o,k,e,d
h,o,u,r
p,o,w,d,e,r
p,a,s,t,a
2,0
f,l,o,u,r
i,n,c,h
c,u,t
p,i,e
c,r,e,a,m
b,a,c,o,n
3
s,p,o,o,n
o,n,i,o,n,s
c,e,n,t,e,r
s,a,l,a,d
b,e,a,t
l,o,a,f
t,r,a,n,s,f,e,r
o,r
p,r,e,p,a,r,e,d
n,o
c,r,u,s,t
r,e,m,a,i,n,i,n,g
e,v,e,n,l,y
c,o,a,t
c,o,l,d
r,e,t,u,r,n
p,i,n,k
s,l,i,c,e,s
g,o,l,d,e,n
m,i,l,k
m,e,l,t,e,d
l,o,n,g,e,r
h,a,l,f
b,o,i,l,i,n,g
l,a,y,e,r
f,i,r,m
w,e,l,l
m,e,l,t
c,o,o,k,i,n,g
l,i,g,h,t,l,y
a,t
a,l,l,o,w
t,a,s,t,e
b,r,e,a,d
c,h,i,l,i
p,o,r,k
m,o,r,e
b,l,e,n,d
c,o,o,k,e,r
o,u,t
b,l,a,c,k
l,e,a,s,t
h,a,s
m,i,x,i,n,g
b,u,t
c,h,i,l,l
f,o,i,l
e,a,c,h
c,u,p
b,o,t,t,o,m
y,o,l,k,s
s,l,o,w
t,o,m,a,t,o,e,s
d,o,u,g,h
f,i,l,l
s,o,u,p
b,e,a,n,s
t,o,m,a,t,o
s,h,e,e,t
4
s,t,a,n,d
d,e,n,t,e
s,p,r,a,y
3,7,5
c,o,n,t,i,n,u,e
a,l
c,o,m,b,i,n,e,d
j,u,i,c,e
m,e,d,i,u,m,-,l,o,w
a,n
s,i,d,e
s,l,i,c,e
b,l,e,n,d,e,d
p,e,e,l
p,i,e,c,e,s
p,a,p,e,r
s,a,l,t,e,d
m,a,y,o,n,n,a,i,s,e
g,r,e,e,n
b,i,t,e
s,e,p,a,r,a,t,e
v,e,g,e,t,a,b,l,e,s
i,t
g,r,i,l,l
f,o,r,k
m,u,s,t,a,r,d
c,a,s,s,e,r,o,l,e
4,5
f,i,l,l,i,n,g
s,e,a,s,o,n,i,n,g
s,a,u,t,e
a,r,r,a,n,g,e
d,e,s,i,r,e,d
o,n,t,o
m,a,c,a,r,o,n,i
m,u,s,h,r,o,o,m,s
m,a,k,e
p,e,c,a,n,s
j,u,i,c,e,s
i,n,s,e,r,t,e,d
c,l,e,a,n
s,t,i,l,l
f,o,l,d
c,o,m,e,s
f,a,t
i,f
c,r,u,m,b,s
i,n,g,r,e,d,i,e,n,t,s
7
g,r,o,u,n,d
c,i,n,n,a,m,o,n
1,/,2
f,o,r,m
p,a,p,r,i,k,a
w,a,r,m
c,u,p,s
s,i,d,e,s
o,f,f
6
c,o,a,t,e,d
c,e,l,e,r,y
p,a,r,s,l,e,y
v,i,n,e,g,a,r
r,o,l,l
g,a,r,n,i,s,h
v,a,n,i,l,l,a
b,r,o,t,h
p,l,a,t,e
c,h,o,p
t,e,m,p,e,r,a,t,u,r,e
4,0
a,l,l
d,i,s,c,a,r,d
4,0,0
c,o,r,n
1,2
m,o,z,z,a,r,e,l,l,a
t,r,a,n,s,l,u,c,e,n,t
r,u,n
s,h,e,l,l
r,a,c,k
m,u,f,f,i,n
c,r,u,m,b,l,e
c,a,b,b,a,g,e
p,e,p,p,e,r,s
p,o,t,a,t,o
b,a,t,t,e,r
h,e,a,t,e,d
p,i,z,z,a
m,i,n,u,t,e
m,a,s,h
c,h,e,d,d,a,r
r,e,p,e,a,t
l,i,q,u,i,d
2,5
p,a,s,t,e
c,l,e,a,r
t,h,o,r,o,u,g,h,l,y
9,x,1,3
s,t,r,i,p,s
p,l,a,s,t,i,c
r,e,f,r,i,g,e,r,a,t,o,r
p,r,e,s,s
p,u,m,p,k,i,n
c,a,r,r,o,t,s
s,a,u,s,a,g,e
d,r,y
r,e,d
s,o,f,t
t,h,i,c,k,e,n,e,d
h,a,l,v,e,s
t,h,e,m
b,u,b,b,l,y
t,i,m,e
o,r,e,g,a,n,o
s,o,u,r
w,h,i,t,e
o,n,e
a,l,u,m,i,n,u,m
l,e,n,g,t,h,w,i,s,e
w,r,a,p
t,o,p,p,i,n,g
r,o,l,l,i,n,g
t,u,r,n
c,u,m,i,n
p,a,r,m,e,s,a,n
s,o,f,t,e,n,e,d
d,r,i,z,z,l,e
t,h,i,c,k
j,u,s,t
1,/,4
c,h,o,p,p,e,d
a,n,o,t,h,e,r
b,a,g
5,0
e,n,o,u,g,h
s,h,a,p,e
b,y
c,r,u,m,b,l,y
f,o,o,d
l,i,n,e
r,i,n,s,e
d,i,v,i,d,e
o,l,i,v,e
a,s
b,l,e,n,d,e,r
m,e,a,t,l,o,a,f
t,a,b,l,e,s,p,o,o,n,s
t,w,o
w,o,k
c,o,m,p,l,e,t,e,l,y
4,2,5
s,l,i,g,h,t,l,y
t,a,b,l,e,s,p,o,o,n
k,n,i,f,e
t,o,o,t,h,p,i,c,k
r,e,s,e,r,v,e
p,a,c,k,a,g,e
c,u,b,e,s
w,h,i,t,e,s
c,h,i,l,l,e,d
f,l,a,v,o,r,s
p,r,o,c,e,s,s,o,r
s,e,e,d,s
c,a,k,e
t,e,a,s,p,o,o,n
r,o,a,s,t
r,i,c,e
b,o,t,h
b,e,l,l
s,u,r,f,a,c,e
u,n,d,e,r
d,o,n,e
c,o,l,a,n,d,e,r
3,5
s,h,r,e,d
1,Ê,1,/,2
p,l,a,t,t,e,r
l,e,m,o,n
u,s,e
t,u,r,n,i,n,g
f,r,y
d,i,p
e,d,g,e,s
v,e,r,y
n,u,t,m,e,g
g,r,e,a,s,e,d
b,a,s,i,l
r,u,n,n,i,n,g
c,i,l,a,n,t,r,o
s,i,n,k
m,a,r,g,a,r,i,n,e
w,i,r,e
l,e,a,v,e,s
y,o,u,r
u,n,c,o,v,e,r,e,d
p,r,e,p,a,r,e
p,e,r
s,t,o,c,k
c,h,i,p,s
k,e,t,c,h,u,p
g,i,n,g,e,r
p,i,n,e,a,p,p,l,e
p,u,r,e,e
a,c,c,o,r,d,i,n,g
m,a,r,i,n,a,d,e
c,r,i,s,p
w,a,l,n,u,t,s
f,.
b,u,b,b,l,i,n,g
e,x,t,r,a,c,t
t,o,w,e,l,s
d,u,t,c,h
e,x,c,e,s,s
d,r,i,p,p,i,n,g,s
a,l,m,o,n,d,s
d,i,r,e,c,t,i,o,n,s
p,a,n,s
l,e,t,t,u,c,e
s,y,r,u,p
s,i,n,g,l,e
b,r,u,s,h
k,e,e,p
h,a,v,e
r,e,s,t
s,h,r,e,d,d,e,d
w,i,n,e
f,l,a,k,e,s
3,2,5
b,r,e,a,s,t,s
m,i,x,e,d
w,h,i,l,e
s,p,i,n,a,c,h
c,a,y,e,n,n,e
s,c,o,o,p
s,h,a,l,l,o,w
w,o,r,c,e,s,t,e,r,s,h,i,r,e
d,i,s,s,o,l,v,e,d
r,e,a,d,y
r,e,s,e,r,v,e,d
m,i,n
b,r,o,c,c,o,l,i
b,e,g,i,n,s
d,i,c,e,d
l,a,s,a,g,n,a
n,u,t,s
t,o,a,s,t
c,o,o,l,e,d
r,a,i,s,i,n,s
c,u,t,t,i,n,g
s,e,a,l
o,l,i,v,e,s
c,a,r,r,o,t
4,5,0
a,d,d,i,t,i,o,n,a,l
r,o,o,m
s,t,e,a,k
p,l,a,t,e,s
s,e,c,o,n,d,s
m,i,x,e,r
m,i,d,d,l,e
h,e,a,v,y
l,i,g,h,t
i,n,s,i,d,e
c,r,e,a,m,y
s,a,m,e
f,l,o,u,r,e,d
p,e,a,s
q,u,a,r,t
l,i,d
f,r,a,g,r,a,n,t
m,i,c,r,o,w,a,v,e
s,o,y
p,a,s,t,r,y
d,i,c,e
a,r,o,u,n,d
c,h,e,e,s,e,s
9
f,e,w
1,6,0
f,o,r,k,s
c,h,o,c,o,l,a,t,e
c,o,r,n,s,t,a,r,c,h
z,u,c,c,h,i,n,i
1,/,3
g,r,a,t,e
c,l,o,v,e,s
c,h,u,n,k,s
t,h,i,c,k,e,n,s
t,h,e,y
v,e,g,e,t,a,b,l,e
a,l,o,n,g
p,a,t
n,e,c,e,s,s,a,r,y
y,o,l,k
l,a,y,e,r,s
w,h,i,p,p,e,d
s,l,i,c,i,n,g
f,u,l,l
b,a,n,a,n,a
i,n,c,h,e,s
l,i,n,e,r,s
l,a,y
b,o,w,l,s
t,o,r,t,i,l,l,a,s
9,x,1,3,-,i,n,c,h
k,i,d,n,e,y
c,r,u,s,h,e,d
n,e,e,d,e,d
l,o,a,v,e,s
e,a,s,i,l,y
s,t,e,a,m
n,o,o,d,l,e
d,i,l,l
a,v,o,c,a,d,o
b,r,e,a,k
s,h,a,k,e
e,l,e,c,t,r,i,c
h,a,n,d,s
h,o,n,e,y
6,0
r,u,b
w,h,i,s,k,i,n,g
d,i,s,s,o,l,v,e
o,r,a,n,g,e
s,a,l,s,a
p,a,t,t,i,e,s
c,o,v,e,r,e,d
h,a,n,d,l,e
b,a,r,b,e,q,u,e
b,e,e,r
a,d,d,i,n,g
t,i,m,e,s
b,r,o,i,l
t,u,r,k,e,y
m,u,f,f,i,n,s
s,p,i,c,e
p,u,t
p,i,n,c,h
i,n,c,o,r,p,o,r,a,t,e,d
e,v,a,p,o,r,a,t,e,d
r,i,c,o,t,t,a
s,i,z,e
a,n,y
s,i,m,m,e,r,i,n,g
n,o,n,s,t,i,c,k
s,o,a,k
c,o,c,o,n,u,t
i,t,a,l,i,a,n
e,v,e,n
s,e,e,d
t,o,w,e,l,-,l,i,n,e,d
s,e,v,e,r,a,l
t,o,a,s,t,e,d
h,a,m
s,i,f,t
i,n,c,r,e,a,s,e
p,i,c,k,l,e,s
a,d,j,u,s,t
o,c,c,a,s,i,o,n,a,l,l,y
c,o,l,e,s,l,a,w
s,p,a,g,h,e,t,t,i
a,p,p,l,e
p,u,l,s,e
w,o,r,k
t,h,y,m,e
t,o,p,s
r,e,m,o,v,i,n,g
i,n,t,e,r,n,a,l
e,d,g,e
r,o,l,l,s
m,e,l,t,s
t,h,i,n
b,a,t,c,h,e,s
f,i,t
c,r,u,m,b,l,e,d
u,s,i,n,g
c,o,t,t,a,g,e
s,a,n,d,w,i,c,h,e,s
l,i,m,e
j,a,l,a,p,e,n,o
g,l,a,s,s
l,i,t,t,l,e
s,l,o,t,t,e,d
b,o,a,r,d
c,h,i,l,e
t,u,r,n,e,d
b,e,t,w,e,e,n
w,h,e,n
l,a,s,t
f,r,o,s,t,i,n,g
s,e,s,a,m,e
s,l,i,c,e,d
a,b,s,o,r,b,e,d
r,e,c,t,a,n,g,l,e
c,h,i,v,e,s
i,c,e
u,n,b,a,k,e,d
c,r,u,s,t,s
z,e,s,t
m,a,r,i,n,a,t,e
w,e,d,g,e,s
c,r,a,c,k,e,r,s
a,f,t,e,r
b,e,g,i,n
s,h,e,e,t,s
g,r,i,d,d,l,e
s,p,e,e,d
c,o,o,k,i,e
s,t,o,r,e
r,e,s,e,a,l,a,b,l,e
p,r,o,c,e,s,s
s,q,u,e,e,z,e
p,i,e,c,e
b,i,t,e,-,s,i,z,e
t,i,n
c,a,n
p,i,c,k,l,e
t,o,r,t,i,l,l,a
a,m,o,n,g
t,o,w,e,l
c,o,n,s,i,s,t,e,n,c,y
l,a,d,l,e
a,s,p,a,r,a,g,u,s
p,i,p,e
l,e,a,f
f,r,y,i,n,g
1,8
s,l,a,w
5,5
t,o,g,e,t,h,e,r
t,h,e,r,m,o,m,e,t,e,r
g,l,a,z,e
b,o,u,i,l,l,o,n
9,-,i,n,c,h
f,r,e,s,h
b,a,l,l
p,r,e,s,s,u,r,e
c,h,i,p,o,t,l,e
s,e,t,t,i,n,g
c,o,o,k,s
f,o,r,m,s
f,l,a,v,o,r
m,o,i,s,t,e,n,e,d
d,e,g,r,e,e
a,l,m,o,s,t
p,i,e,r,c,e,d
f,l,u,f,f,y
f,r,e,n,c,h
c,o,n,t,a,i,n,e,r
u,n,c,o,v,e,r
b,r,e,a,k,i,n,g
3,/,4
l,o,w,e,r
u,p
y,e,l,l,o,w
b,r,o,i,l,e,r
g,r,a,p,e,s
c,u,r,r,y
s,k,i,n
y,e,a,s,t
b,u,n,s
s,q,u,a,r,e,s
c,h,i,l,e,s
b,i,t,s
a,p,p,l,e,s
l,a,t,e,r
c,o,l,o,r
b,a,c,k
s,c,r,a,p,e
s,p,i,c,e,s
s,h,r,i,m,p
r,o,a,s,t,i,n,g
s,o,d,a
m,a,s,h,e,d
m,u,s,h,r,o,o,m
h,a,n,d
',s
k,n,e,a,d
s,h,e,l,l,s
o,f,t,e,n
t,a,c,o
m,e,a,t,b,a,l,l,s
b,a,n,a,n,a,s
r,e,l,i,s,h
b,e,s,t
b,e,e,n
y,e,t
t,e,a,s,p,o,o,n,s
d,r,o,p
9,x,5
d,u,r,i,n,g
s,o,m,e
b,a,l,l,s
'
j,a,r
b,a,k,e,d
s,m,o,k,e
9,0
p,e,a,k,s
p,o,r,t,i,o,n,s
c,o,r,n,e,r
s,q,u,a,r,e
t,h,a,t
a,n,d
s,t,a,r,t,i,n,g
b,r,e,a,s,t
s,w,e,e,t
k,e,r,n,e,l,s
s,o,f,t,e,n
s,t,i,f,f
c,u,b,e
s,e,a,s,o,n,e,d
d,u,s,t
f,l,e,s,h
f,o,u,r
r,e,s,e,r,v,i,n,g
c,u,c,u,m,b,e,r
c,a,s,h,e,w,s
c,r,a,n,b,e,r,r,i,e,s
d,r,i,e,d
b,u,t,t
r,e,d,u,c,e,d
b,l,u,e,b,e,r,r,i,e,s
s,a,n,d,w,i,c,h
s,t,o,c,k,p,o,t
f,i,n,i,s,h
d,o,n,e,n,e,s,s
e,g,g,p,l,a,n,t
c,o,a,r,s,e
r,e,a,d,s
w,a,r,m,e,d
a,t,o,p
r,e,a,c,h,e,s
o,t,h,e,r
1,/,2,-,i,n,c,h
c,o,n,f,e,c,t,i,o,n,e,r,s
e,n,d,i,n,g
g,r,e,e,n,s
p,e,c,a,n
r,o,u,n,d
l,a,y,e,r,i,n,g
1,3
o,a,t,s
i,n,s,t,a,n,t,-,r,e,a,d
r,o,s,e,m,a,r,y
r,e,s,e,m,b,l,e,s
f,l,a,t
p,e,a,n,u,t,s
f,u,l,l,y
b,e,g,i,n,n,i,n,g
c,r,i,s,p,y
l,e,a,v,i,n,g
f,r,o,s,t
a,p,p,l,e,s,a,u,c,e
b,o,n,e,s
s,i,t
b,e,e,t,s
f,r,e,e,z,e
u,n,r,o,l,l
e,n,d
a,p,p,r,o,x,i,m,a,t,e,l,y
c,e,r,e,a,l
s,t,i,r,-,f,r,y
-
b,a,y
t,u,n,a
b,u,r,g,e,r,s
e,v,e,r,y,t,h,i,n,g
t,r,i,m
t,o,p,p,e,d
c,r,u,m,b,l,e,s
d,o,l,l,o,p
w,i,l,t,e,d
u,n,g,r,e,a,s,e,d
s,q,u,a,s,h
n,o,n,-,s,t,i,c,k
s,t,a,r,t
p,u,l,l
c,o,r,n,m,e,a,l
d,e,e,p
d,r,a,i,n,e,d
w,h,o,l,e
p,a,t,t,y
s,w,i,s,s
t,h,i,s
m,e,a,s,u,r,e
g,r,a,t,e,d
e,n,d,s
c,o,a,t,i,n,g
s,i,z,e,d
t,o,p,p,i,n,g,s
f,l,i,p
r,i,s,e
k,u,g,e,l
u,s,e,d
s,t,a,r,t,s
t,h,e,i,r
g,r,a,v,y
b,e,a,t,e,n
s,a,g,e
t,i,n,s
.
s,h,o,u,l,d,e,r
h,a,l,f,-,a,n,d,-,h,a,l,f
w,a,y
s,p,r,o,u,t,s
m,a,k,i,n,g
5,x,9
t,h,a,n
b,i,t,e,-,s,i,z,e,d
m,o,u,n,d
f,a,v,o,r,i,t,e
c,u,t,-,s,i,d,e
c,i,r,c,l,e
d,i,j,o,n
p,i,e,r,c,e
c,h,e,s,t,n,u,t,s
v,i,n,a,i,g,r,e,t,t,e
d,i,r,e,c,t,e,d
q,u,i,n,o,a
p,e,a,n,u,t
b,e,c,o,m,e,s
f,e,t,a
s,p,a,t,u,l,a
s,e,a,s,o,n,i,n,g,s
b,e,a,n
c,a,u,l,i,f,l,o,w,e,r
e,q,u,a,l
b,a,l,s,a,m,i,c
j,a,c,k
s,e,c,o,n,d
h,o,l,d
t,h,e,n
b,o,n,e
c,r,a,c,k,e,r
f,l,a,t,t,e,n
b,e,a,t,i,n,g
t,i,p
p,a,c,k,e,t,s
s,n,i,p
3,0,0
f,i,l,l,e,d
m,a,n,g,o
p,e,p,p,e,r,o,n,i
l,u,m,p,s
r,a,n,c,h
f,o,l,l,o,w,e,d
w,a,x,e,d
c,h,o,p,s
d,i,s,s,o,l,v,e,s
f,i,n,e
x
f,r,o,z,e,n
p,a,c,k
q,u,a,r,t,e,r,s
s,p,r,i,n,g
d,o,t
l,i,n,e,d
t,h,i,c,k,e,n
¨
t,h,r,e,e
p,i,n
e,n,j,o,y
a,l,l,s,p,i,c,e
2,5,0
n,e,a,r
r,o,u,x
c,h,e,r,r,y
m,i,n,c,e,d
c,h,e,c,k
s,t,r,e,a,m
o,p,e,n
n,o,t,e
c,h,i,l,i,e,s
t,h,i,c,k,n,e,s,s
c,o,n,d,e,n,s,e,d
t,u,r,n,s
m,o,i,s,t
c,h,o,w,d,e,r
h,a,l,v,e
s,a,l,m,o,n
2,/,3
m,e,t,a,l
l,a,r,g,e,r
c,o,c,o,a
t,o,s,s,i,n,g
p,a,c,k,e,t
a,d,d,i,t,i,o,n
1,-,i,n,c,h
g,e,n,e,r,o,u,s
t,e,n,d,e,r,l,o,i,n
s,t,r,a,w,b,e,r,r,i,e,s
b,u,n
2,-,q,u,a,r,t
p,o,r,t,i,o,n
u,n,c,o,o,k,e,d
t,e,n,d,e,r,s
p,i,n,t,o
w,a,s,h
c,o,n,s,o,m,m,e
r,e,l,e,a,s,e
c,a,n,s
b,l,u,e
s,m,o,k,e,d
8,-,i,n,c,h
s,u,n,f,l,o,w,e,r
p,o,s,s,i,b,l,e
c,o,n,s,t,a,n,t,l,y
m,a,r,i,n,a,r,a
p,u,s,h
s,k,i,m
c,o,u,s,c,o,u,s
l,e,a,v,e
f,r,o,t,h,y
f,r,e,e,z,e,r
o,u,t,s,i,d,e
s,w,e,e,t,e,n,e,r
s,t,r,a,i,n
p,r,e,s,s,i,n,g
m,i,c,r,o,w,a,v,e,-,s,a,f,e
h,a,m,b,u,r,g,e,r
s,a,u,e,r,k,r,a,u,t
b,o,i,l,s
c,u,b,e,d
b,u,t,t,e,r,m,i,l,k
r,o,a,s,t,e,d
s,t,e,w
b,a,r,b,e,c,u,e
b,o,d,y
t,a,p
n,e,x,t
s,h,r,e,d,s
c,o,r,i,a,n,d,e,r
1,0,-,i,n,c,h
p,u,d,d,i,n,g
w,e,t
o,v,e,r,l,a,p,p,i,n,g
p,r,o,c,e,s,s,e,d
r,e,c,t,a,n,g,u,l,a,r
p,a,r,c,h,m,e,n,t
p,i,e,s
l,i,k,e
s,p,r,i,n,k,l,i,n,g
w,o,o,d,e,n
m,a,c,h,i,n,e
t,h,i,r,d
w,h,i,p
h,e,a,v,y,-,d,u,t,y
d,a,y,s
r,a,t
f,o,a,m,y
p,o,c,k,e,t
1,6
r,i,n,g,s
h,a,r,d,-,c,o,o,k,e,d
a,i,r
a,p,a,r,t
f,i,n,e,l,y
s,e,r,v,i,n,g,s
t,r,i,a,n,g,l,e,s
i,c,i,n,g
t,e,a,r
b,o,x
p,u,f,f,e,d
m,e,a,t,l,o,a,v,e,s
m,o,i,s,t,u,r,e
s,e,a,f,o,o,d
b,r,i,g,h,t
c,o,m,e
s,h,o,r,t,e,n,i,n,g
d,a,r,k
w,h,e,a,t
b,u,b,b,l,e
a,d,o,b,o
f,l,a,t,t,e,n,e,d
1,2,-,i,n,c,h
r,o,t,i,n,i
m,i,n,i,m,u,m
i,t,s
p,e,s,t,o
s,t,e,w,e,d
t,r,a,n,s,p,a,r,e,n,t
b,a,t,c,h
p,r,e,s,s,e,d
c,u,t,-,s,i,d,e,-,u,p
b,i,t
b,e
w,i,p,e
t,a,r,r,a,g,o,n
1,/,8
b,o,r,d,e,r
s,h,o,u,l,d
i,n,s,e,r,t
e,l,a,s,t,i,c
p,o,p,p,y
3,-,q,u,a,r,t
b,e,a,t,e,r
c,r,o,u,t,o,n,s
s,c,i,s,s,o,r,s
d,o,g,s
i,r,o,n
m,i,n,t
f,o,r,k,-,t,e,n,d,e,r
s,h,a,l,l,o,t,s
m,a,s,h,e,r
f,e,n,n,e,l
w,a,t,c,h
y,o,g,u,r,t
c,a,j,u,n
l,i,f,t
d,r,i,p
r,o,u,n,d,s
w,a,x
6,-,q,u,a,r,t
s,o,f,t,e,n,s
b,e,g,u,n
c,o,o,l,i,n,g
o,n,c,e
a,c,r,o,s,s
9,x,5,-,i,n,c,h
e,x,c,e,p,t
c,r,o,c,k
s,t,r,a,i,n,e,r
b,r,i,e,f,l,y
g,r,i,l,l,e,d
c,u,t,t,e,r
d,i,s,t,r,i,b,u,t,e
b,r,o,w,n,s
t,u,r,m,e,r,i,c
m,o,l,a,s,s,e,s
w,e,e,d
m,a,p,l,e
d,o,u,b,l,e
r,e,a,c,h
m,o,s,t
7,5
r,e,h,e,a,t
s,t,e,a,m,e,r
i,n,d,i,v,i,d,u,a,l
c,a,n,n,e,d
s,o,u,r,c,e
l,o,n,g
f,r,i,e,s
h,o,l,e,s
b,e,r,r,i,e,s
e,n,t,i,r,e
s,m,a,l,l,e,r
p,o,w,e,r
p,o,i,n,t
c,a,r,a,m,e,l
s,p,r,i,n,k,l,e,d
t,h,i,c,k,e,r
j,a,m
f,r,e,q,u,e,n,t,l,y
1,Ê,1,/,4
t,r,a,y
p,a,n,k,o
a,i,r,t,i,g,h,t
o,r,z,o
t,i,p,s
c,a,n,o,l,a
m,e,s,h
g,r,e,e,k
a,l,m,o,n,d
s,m,o,k,e,r
l,i,g,h,t,l,y,-,s,a,l,t,e,d
j,a,l,a,p,e,n,o,s
8,x,8
d,i,p,p,i,n,g
b,o,i,l,e,r
2,Ê,1,/,2
l,o,w,e,s,t
d,e,c,o,r,a,t,e
','
r,a,d,i,s,h,e,s
s,t,o,v,e
1,3,x,9,-,i,n,c,h
p,i,n,e
s,h,a,r,p
r,e,f,r,i,g,e,r,a,t,e,d
1,1
1,4
s,c,r,a,p,i,n,g
b,r,o,w,n,i,n,g
t,a,k,e
p,a,t,t,e,r,n
p,e,a,c,h,e,s
r,o,u,n,d,e,d
i,n,v,e,r,t
b,o,t,t,l,e
a,c,c,u,m,u,l,a,t,e,d
m,a,s,a
b,u,b,b,l,e,s
c,r,u,s,h
c,o,l,o,r,e,d
a,m,o,u,n,t
p,i,c,k
s,c,a,l,l,i,o,n,s
r,e,m,a,i,n
2,4
i,n,s,t,r,u,c,t,i,o,n,s
f,i,s,h
b,a,s,e
f,r,u,i,t
c,r,e,s,c,e,n,t
d,e,p,e,n,d,i,n,g
t,o,n,g,s
f,l,u,f,f
c,r,e,m,e
s,p,e,a,r,s
p,l,a,c,i,n,g
g,r,a,h,a,m
p,e,a,c,h
t,e,n,d,e,r,-,c,r,i,s,p
s,c,a,t,t,e,r
l,a,m,b
r,a,c,k,s
p,i,z,z,a,s
p,r,e,p,a,r,i,n,g
c,i,d,e,r
s,l,i,d,e
c,r,a,b,m,e,a,t
d,o,u,b,l,e,d
h,e,a,p,i,n,g
b,e,d
c,l,o,v,e
c,r,e,a,m,e,d
c,o,l,o,r,i,n,g
k,o,s,h,e,r
a,r,u,g,u,l,a
s,k,i,n,s
b,i,s,c,u,i,t
m,u,c,h
v,o,l,u,m,e
s,i,r,l,o,i,n
f,i,n,g,e,r,s
p,i,n,c,h,i,n,g
r,i,m
c,h,u,c,k
d,r,e,d,g,e
c,i,r,c,l,e,s
f,i,t,t,e,d
t,o,u,c,h,e,d
n,i,c,e,l,y
1,6,5
s,p,l,i,t
k,a,l,e
d,i,a,m,e,t,e,r
f,l,a,v,o,r,i,n,g
h,e,a,d
r,e,m,o,v,e,d
w,o,r,k,i,n,g
r,i,b,s
c,h,i,p
c,o,r,n,f,l,a,k,e,s
b,u,t,t,e,r,e,d
h,o,r,s,e,r,a,d,i,s,h
s,h,o,w,s
f,i,r,s,t
e,y,e,s
a,b,s,o,r,b,s
t,e,x,t,u,r,e
c,r,i,m,p
n,e,a,r,l,y
s,e,a,m
r,a,v,i,o,l,i
c,r,u,m,b
s,p,o,o,n,f,u,l,s
c,o,f,f,e,e
b,a,g,s
f,o,a,m
w,i,t,h,o,u,t
o,u,n,c,e,s
s,e,r,v,e,d
t,a,r,t
l,o,b,s,t,e,r
b,r,o,k,e,n
s,p,r,e,a,d,i,n,g
l,o,g
b,u,n,d,t
f,o,l,l,o,w
p,r,e,s,e,r,v,e,s
r,a,m,e,n
r,a,t,s
r,y,e
b,u,r,g,u,n,d,y
g,o,a,t
m,e,x,i,c,a,n
h,e,l,p
w,a,s,a,b,i
l,i,v,e,r,s
d,i,s,t,r,i,b,u,t,e,d
b,e,i,n,g
t,r,i,a,n,g,l,e
h,a,l,f,w,a,y
b,a,r,e,l,y
l,o,o,k
b,a,s,t,e
g,r,i,n,d
p,a,l,e
f,l,u,t,e
c,l,a,s,s,i,c,o
c,l,o,t,h
a,p,r,i,c,o,t
f,r,i,e,d
s,c,r,u,b
p,u,n,c,h
c,r,a,b
c,o,u,n,t,e,r
m,o,v,e
o,r,a,n,g,e,s
f,i,n,a,l
t,b,s
s,t,u,f,f
s,m,o,k,i,n,g
p,o,s,i,t,i,o,n
s,a,u,c,e,p,o,t
o,n,e,-,c,r,u,s,t
b,e,c,o,m,e
o,i,l,e,d
h,a,r,i,n,a
s,e,g,m,e,n,t,s
c,h,a,r,r,e,d
r,e,p,l,a,c,e
p,o,u,n,d
b,l,a,c,k,e,n,e,d
c,r,u,s,t,-,l,i,n,e,d
w,a,f,f,l,e
8,x,4,-,i,n,c,h
m,i,n,i
s,o,a,k,e,d
1,/,4,-,i,n,c,h
e,a,r,s
k,i,t,c,h,e,n
p,i,t,s
p,i,t,a
b,r,a,n
a,l,t,e,r,n,a,t,e
b,l,e,n,d,i,n,g
s,p,r,i,n,g,s
c,r,a,c,k,e,d
c,y,l,i,n,d,e,r
t,o,a,s,t,e,r
i,n,d,e,n,t,a,t,i,o,n
h,e,a,r,t,s
2,0,0
g,a,r,n,i,s,h,e,d
d,i,n,n,e,r
s,h,o,o,t,s
9,x,1,2,-,i,n,c,h
s,t,i,c,k,s
c,a,l,z,o,n,e,s
g,r,i,l,l,i,n,g
e,x,t,r,a
`,`
s,p,r,i,n,g,f,o,r,m
s,a,l,a,d,s
s,p,a,c,e
g,i,v,e,n
1,7
p,r,i,c,k
f,a,l,l,s
d,i,s,c,a,r,d,i,n,g
1,0,x,1,5
s,e,a,r
c,r,a,w,f,i,s,h
d,a,t,e,s
s,t,r,e,t,c,h
w,o,r,k,a,b,l,e
s,p,i,l,l,s
s,p,o,o,n,f,u,l
a,l,f,r,e,d,o
s,p,r,a,y,e,d
t,o,u,c,h
s,e,e,m,s
d,i,s,h,e,s
t,u,b,e
s,t,o,n,e
c,h,o,y
w,o,n,t,o,n,s
s,t,r,i,p
s,p,i,c,y
g,r,a,n,u,l,e,s
a,g,a,i,n
h,e,r,b,s
d,i,s,k
f,a,l,l
`
c,o,o,k,i,e,s
g,u,a,c,a,m,o,l,e
t,e,s,t,e,r
m,e,l,o,n
s,t,i,c,k
s,c,r,a,m,b,l,e
g,a,l,l,o,n
d,e,v,i,l,e,d
r,e,f,r,i,e,d
4,-,q,u,a,r,t
p,i,p,i,n,g
p,e,p,p,e,r,j,a,c,k
7,0
r,e,g,i,s,t,e,r,s
b,u,r,n,e,r
m,e,a,l
l,e,e,k
c
p,i,m,e,n,t,o,s
s,l,i,t,s
e,m,p,t,y
s,h,e,r,r,y
g,r,a,d,u,a,l,l,y
b,a,s,t,i,n,g
a,m,o,u,n,t,s
s,w,i,r,l
n,i,c,e
w,e,l,l,-,c,o,a,t,e,d
m,o,n,t,e,r,e,y
p,o,k,e
o,p,a,q,u,e
r,e,m,a,i,n,s
s,t,o,p
c,h,u,t,n,e,y
c,a,n,n,e,l,l,i,n,i
s,p,e,l,t
s,e,a,l,a,b,l,e
p,a,s,t,r,y,-,l,i,n,e,d
d,i,a,g,o,n,a,l
g,e,l,a,t,i,n
w,r,a,p,p,e,r
g,e,n,t,l,e
r,o,m,a,i,n,e
g,a,t,h,e,r
b,u,r,n,e,r,s
s,a,t,u,r,a,t,e,d
p,a,r,t,i,a,l,l,y
h,a,b,a,n,e,r,o
g,r,a,i,n
m,a,r,j,o,r,a,m
s,a,u,s,a,g,e,s
c,r,a,c,k
t,e,s,t,s
c,h,e,c,k,i,n,g
l,i,k,i,n,g
3,/,4,-,i,n,c,h
b,e,c,h,a,m,e,l
1,3,x,9
b,a,k,e,s
4,7,5
h,o,l,l,o,w,e,d
a,l,t,e,r,n,a,t,i,n,g
c,a,r,a,m,e,l,s
d,i,r,e,c,t
c,l,o,r,o,x
m,e,a,t,s
d,e,c,o,r,a,t,i,v,e
v,e,g,g,i,e,s
p,i,e,c,r,u,s,t
p,o,k,e,d
o,r,d,e,r
s,o,a,k,i,n,g
e,a,s,i,e,r
c,o,m,b,i,n,i,n,g
l,e,f,t,o,v,e,r,s
s,p,r,i,g
e,v,a,p,o,r,a,t,e,s
c,o,n,t,e,n,t,s
f,i,t,t,i,n,g
s,o,u,p,s
m,e,d,i,u,m,-,s,i,z,e,d
c,o,v,e,r,i,n,g
r,o,l,l,e,d
p,a,c,k,a,g,e,s
h,u,m,m,u,s
c,o,b
b,e,e,t
c,a,t,c,h
l,e,f,t
m,e,l,t,i,n,g
m,e,r,i,n,g,u,e
h,e,a,v,y,-,b,o,t,t,o,m,e,d
d,i,s,i,n,f,e,c,t,i,n,g
c,o,r,e
d,o,w,n
w,i,d,t,h
f,o,r,m,i,n,g
2,2,5
s,p,r,i,g,s
w,h,i,s,k,e,y
m,o,l,d
t,e,s,t
9,-,i,n
j,e,r,k
n,e,c,t,a,r
t,h,i,c,k,e,s,t
e,a,t,i,n,g
p,e,e,l,s
c,h,a,n,g,e
b,o,k
t,i,l,l
f,l,a,v,o,r,e,d
1,4,0
m,a,y
l,i,f,t,i,n,g
f,i,n,g,e,r,t,i,p,s
l,i,n,g,u,i,n,e
r,o,w,s
r,e,m,a,i,n,d,e,r
s,t,u,c,k
r,e,l,e,a,s,e,d
s,h,o,r,t
t,h,a,i
c,o,a,t,s
k,n,i,v,e,s
d,a,s,h
p,a,r,m,i,g,i,a,n,o,-,r,e,g,g,i,a,n,o
r,e,c,i,p,e
m,i,n,c,e
c,o,r,n,e,d
b,r,e,a,d,c,r,u,m,b,s
f,i,n,i,s,h,i,n,g
k,l,u,s,k,i
m,o,l,d,s
m,e,d,i,u,m,-,s,i,z,e
p,u,r,e,e,d
6,5
c,a,n,d,i,e,d
f,i,g,s
p,o,a,c,h
b,o,w
p,i,c,k,l,e,d
c,a,v,i,t,y
f,o,n,d,u,e
m,e,a,s,u,r,i,n,g
a,s,s,e,m,b,l,e
t,h,r,o,w
m,a,n,u,f,a,c,t,u,r,e,r
p,o,c,k,e,t,s
s,u,n,-,d,r,i,e,d
g,r,a,t,e,s
1,4,x,1,8
w,e,i,g,h,t,s
3,-,4
c,e,r,a,m,i,c
m,o,n,t,h
g,r,a,n,o,l,a
c,o,a,l,s
b,u,r,g,e,r
p,a,s,s
r,e,c,t,a,n,g,l,e,s
g,r,a,p,e
c,u,c,u,m,b,e,r,s
s,t,i,c,k,i,n,g
g,r,i,s,t,l,e
w,i,p,e,s
k,a,b,o,c,h,a
9,x,9
b,i,s,c,u,i,t,s
f,r,a,i,c,h,e
h,a,r,d
f,l,a,k,e,d
p,a,r,t
h,a,l,v,e,d
5,x,9,-,i,n,c,h
h,o,l,l,o,w
r,a,i,s,e
a,t,t,r,a,c,t,i,v,e
r,a,n,c,h,-,s,t,y,l,e
l,i,q,u,i,d,s
c,l,e,a,n,i,n,g
p,i,m,e,n,t,o
c,h,e,r,r,i,e,s
b,u,i,l,d
q,u,e,s,o
c,o,u,p,l,e
s,e,m,o,l,i,n,a
e,i,t,h,e,r
o,a,t,m,e,a,l
w,i,t,h,i,n
t,o,f,u
h,a,r,d,-,b,o,i,l,e,d
s,t,r,a,n,d,s
a,l,l,o,w,i,n,g
r,a,m,e,k,i,n,s
m,a,k,e,s
d,e,c,r,e,a,s,e
i,c,e,d
s,t,a,r,t,e,d
t,b,s,p
p,u,l,l,i,n,g
8,x,4
d,e,e,p,-,f,r,y,e,r
d,e
k,o,h,l,r,a,b,i
s,t,a,r,s
s,i,x
b,r,i,o,c,h,e
d,a,y
s,h,a,k,i,n,g
h,o,i,s,i,n
s,a,l,t,-,f,r,e,e
m,o,r,t,a,r
w,e,l,l,-,c,o,m,b,i,n,e,d
a,n,a,h,e,i,m
e,i,g,h,t
s,c,r,a,m,b,l,e,d
c,r,e,a,m,e,r
j,i,c,a,m,a
o,p,t,i,o,n,a,l
t,a,b,l,e
c,a,v,i,t,i,e,s
f,i,n,i,s,h,e,d
w,i,l,t
s,t,r,e,u,s,e,l
c,i,n,n,a,m,o,n,-,s,u,g,a,r
a,g,a,i,n,s,t
d,a,b
t,a,p,p,e,d
a,b,s,o,r,b
c,a,k,e,s
w,e,l,l,-,b,l,e,n,d,e,d
t,h,r,o,u,g,h,o,u,t
k,e,t,t,l,e
d,a,m,p
t,i,n,y
c,u,s,t,a,r,d
p,o,w,d,e,r,e,d
t,o,m,a,t,i,l,l,o,s
p,l,a,c,e,s
b,e,l,o,w
u,p,w,a,r,d,s
s,w,i,r,l,s
t,h,a,w,e,d
e,v,e,r,y
s,o,l,i,d
f,o,n,t,i,n,a
r,e,h,e,a,t,i,n,g
d,i,s,p,o,s,a,b,l,e
t,o,t,a,l
h,o,l,e
p,o,u,c,h
e,l,b,o,w
r,o,o,t
b,o,a,t,s
m,o,i,s,t,e,n
a,b,d,o,m,e,n
s,e,t,s
h,o,o,k
m,i,x,u,r,e
p,a,s,t,e,-,l,i,k,e
c,r,u,n,c,h,y
5,Ê,1,/,2
b,a,c,o,n,-,o,n,i,o,n
r,a,i,s,i,n
r,e,n,d,e,r
t,e,n
t,o,o
l,e,g,s
p,r,e,h,e,a,t,i,n,g
f,a,s,h,i,o,n
m,i,n,s
m,o,s,t,l,y
f,o,i,l,-,l,i,n,e,d
d,o,g
k,a,d,h,a,i
t,e,q,u,i,l,a
l,e,t,t,u,c,e,-,l,i,n,e,d
h,e,r,b
3,6,0
m,i,c,r,o,w,a,v,e,a,b,l,e
t,e,n,d,o,n,s
h,o,l,d,s
h,e,a,t,i,n,g
c,o,d
c,a,r,t,i,l,a,g,e
c,r,u,m,p,l,e
d,i,s,a,p,p,e,a,r,s
1,0,-,1,2
p,e,p,p,e,r,o,n,c,i,n,i
d,u,s,t,i,n,g
c,o,n,t,a,i,n,e,r,s
s,n,a,p
c,h,i,l,l,i,n,g
g,a,r,a,m
2,-,i,n,c,h
c,o,n,t,a,i,n,i,n,g
s,h,i,m,m,e,r,i,n,g
c,r,e,v,i,c,e,s
b,o,i,l,e,d
6,x,1,0
u,n,i,f,i,e,d
e,n,c,h,i,l,a,d,a
t,e,n,d,e,r,l,o,i,n,s
n,i,g,h,t
e,s,c,a,p,e
b,u,r,n
s,i,z,z,l,i,n,g
t,h,i,n,n,e,r
b,a,t,h
a,v,o,c,a,d,o,s
o,n,e,-,t,h,i,r,d
p,a,p,e,r,s
t,i,e
s,m,e,l,l
g,r,a,p,e,f,r,u,i,t
i,n,c,h,-,t,h,i,c,k
r,o,e
c,h,o,i,c,e
k,n,e,a,d,i,n,g
c,l,o,u,d,y
u,p,p,e,r
f,l,u,t,i,n,g
a,p,p,e,a,r
s,t,u,f,f,e,d
s,i,e,v,e
w,a,i,t
s,p,u,r,t,s
v,o,d,k,a
h,a,n,d,l,e,d
t,i,g,h,t,l,y
h,a,n,d,l,e,s
d,i,p,s
m,e,a,t,b,a,l,l
s,t,a,r,c,h
1,4,5
1,2,-,c,u,p
n,o,n,d,a,i,r,y
b,a,s,k,e,t
c,o,l,a
c,u,r,l,s
s,w,e,e,t,e,n,e,d
u,n,d,e,r,n,e,a,t,h
t,a,i,l,s
m,a,i,n,t,a,i,n,i,n,g
o,n,e,-,f,o,u,r,t,h
q,u,a,r,t,e,r
f,l,u,t,e,d
s,u,g,a,r,s
t,r,i,a,n,g,l,e,-,s,h,a,p,e,d
a,d,v,a,n,c,e
f,l,i,p,p,i,n,g
t,a,m,a,r,i
r,i,n,g
m,a,s,a,l,a
t,h,a,w
c,o,l,b,y,-,m,o,n,t,e,r,e,y
t,a,s,t,e,s
w,h,o,l,e,-,w,h,e,a,t
u,p,s,i,d,e
c,h,a,n,n,e,l
o,p,p,o,s,i,t,e
c,h,e,e,s,e,c,a,k,e
s,a,u,t,e,e,d
w,o,o,d
p,l,u,m,p
g,e,t
f,r,e,e,z,i,n,g
d,y,e
s,e,a,r,e,d
l,e,a,t,h,e,r
k,e,r,n,e,l
b,u,r,s,t
m,a,n,d,a,r,i,n
e,d,a,m,a,m,e
c,a,n,t,a,l,o,u,p,e
c,o,r,n,f,l,a,k,e
p,a,r,i,n,g
c,h,o,r,i,z,o
d,u,t,y
a,r,t,i,c,h,o,k,e,s
a,r,r,o,w,r,o,o,t
s,t,e,m,s
s,t,i,c,k,y
t,h,e,s,e
m,a,r,g,i,n
s,p,o,o,n,e,d
c,a,s,i,n,g,s
d,i,f,f,e,r,e,n,t
w,r,a,p,p,e,r,s
%
b,u,r,r,i,t,o
p,o,t,s,t,i,c,k,e,r,s
8,x,8,-,i,n,c,h
b,l,o,t
p,i,l,e
r,e,a,d
s,p,l,e,n,d,a
p,r,e,f,e,r,e,n,c,e
f,r,y,e,r
f,a,j,i,t,a
f,a,c,i,n,g
3,-,i,n,c,h
i,n,t,a,c,t
p,r,o,v,i,d,e,d
2,-,i,n,c,h,e,s
s,t,r,o,g,a,n,o,f,f
p,i,s,t,a,c,h,i,o
s,k,i,l,l,e,d
a,n,i,s,e
s,l,o,w,l,y
s,t,r,a,w,b,e,r,r,y
d,a,r,k,e,r
g,o,n,e
t,i,g,h,t
5,0,-,6,0
b,r,a,n,d,y
3,-,5
b,e,a,t,e,r,s
1,1,x,7
t,b
p,u,f,f,s
p,u,f,f,y
t,e,n,t
h,a,s,h
p,u,m,p,e,r,n,i,c,k,e,l
s,e,a,l,i,n,g
p,u,l,l,s
s,p,l,a,s,h
f,l,a,x
s,h,a,r,k
f,r,e,s,c,o
b,r,o,w,n,i,e
b,l,o,o,d
s,l,o,p,p,y
r,e,s,e,m,b,l,e
h,a,l,i,b,u,t
d,e,v,e,l,o,p,e,d
s,t,y,l,e
c,u,p,c,a,k,e
d,u,n,k
c,a,l,z,o,n,e
t,h,r,e,a,d
a,m,e,r,i,c,a,n
s,l,o,w,-,t,o,a,s,t
c,r,e,a,m,-,s,t,y,l,e
s,t,e,a,k,s
t,o,r,t,e,l,l,i,n,i
r,e,f,r,i,g,e,r,a,t,i,n,g
l,i,p
m,e,a,s,u,r,e,s
c,u,p,c,a,k,e,s
p,l,i,a,b,l,e
p,a,c,k,s
g,o,l,d
m,e,i,n
i,m,m,e,r,s,e
g,l,o,v,e,s
d,u,m,p
b,a,r,e
s,e,a
z,i,p,p,e,r
o,v,e,n,-,s,a,f,e
s,m,o,t,h,e,r
c,r,e,a,t,e
r,e,s,t,i,n,g
f,i,r,e
t,r,a,n,s,f,e,r,r,i,n,g
g,a,s
g,u,i,d,e
p,a,n,-,f,r,y
b,l,a,n,c,h
z,i,t,i
s,t,a,c,k
c,r,i,s,s,-,c,r,o,s,s
l,e,t,t,i,n,g
d,r,i,z,z,l,e,d
b,a,m,b,o,o
m,a,r,m,a,l,a,d,e
t,h,o,u,g,h
p,e,a
c,o,n,t,i,n,u,i,n,g
p,e,r,p,e,n,d,i,c,u,l,a,r
s,t,e,p
w,e,l,l,-,b,r,o,w,n,e,d
m,a,c,e
r,e,t,a,i,n,i,n,g
k,i,e,l,b,a,s,a
g,e,r,m
s,m,e,l,l,s
o,y,s,t,e,r
s,e,c,t,i,o,n,s
p,l,u,n,g,e
s,k,e,w,e,r,s
b,u,t,t,e,r,y
r,o,t,a,r,y
b,r,u,s,h,i,n,g
p,a,n,c,e,t,t,a
o,v,e,r,t,o,p
b,e,v,e,r,a,g,e
k,a,s,h,a
i,n,g,r,e,d,i,e,n,t
t,r,o,u,g,h
n,u,g,g,e,t,s
p,a,s,t,y
p,l,u,m,p,e,d
a,s,s,e,m,b,l,y
s,e,t,t,l,i,n,g
a,s,i,a,g,o
s,t,a,l,k,s
l,i,m,p
o,v,a,l
w,h,i,p,p,i,n,g
s,o,r,t
c,h,a,r,c,o,a,l
p,o,p,p,e,d
b,a,b,y
w,e,d,g,e
d,o
l,o,c,k
a,t,t,a,c,h,m,e,n,t
c,h,o,w
l,i,n,e,s
s,e,r,r,a,n,o
t,i,l,t
s,o,g,g,y
a,r,t,i,c,h,o,k,e
a,c,c,o,m,p,a,n,i,m,e,n,t,s
c,o,c,k,t,a,i,l
i,n,t,e,g,r,a,t,e,d
o,b,l,o,n,g
s,a,l,a,m,i
a,r,e,a
l,e,n,g,t,h
t,h,e,r,e
3,Ê,1,/,2
s,h,a,l,l,o,t
s,t,e,e,l
t,e,a,s,p,o,o,n,f,u,l,s
c,o,m,p,l,e,t,e
p,a,p,e,r,-,l,i,n,e,d
o,e,l,e,k
f,a,c,e
r,a,p,i,d,r,i,s,e
b,o,u,r,b,o,n
o,m,i,t,t,i,n,g
j,o,e
i,n,s,t,a,n,t
p,u,f,f
v,e,n,t
c,r,i,s,p,y,-,t,e,n,d,e,r
c,l,u,s,t,e,r,s
b,o,b,o,t,i,e
h,o,a,g,i,e
j,e,l,l,y
c,r,o,s,s
p,a,r,t,s
p,o,b,l,a,n,o
p,e,s,t,l,e
r,a,p,i,d
t,e,r,i,y,a,k,i
f,i,v,e
b,o,t,t,o,m,s
o,v,e,r,l,a,p
5,-,q,u,a,r,t
g,e,t,t,i,n,g
c,r,a,n,b,e,r,r,y
e,q,u,a,l,l,y
8,x,1,2
t,w,i,s,t
c,r,i,s,p,/,t,e,n,d,e,r
l,/,2
t,h,i,n,n,e,s,s
a,l,e
2,.,5,-,l
d,e,l,i
f,o,r,k,f,u,l,s
s,o,l,u,t,i,o,n
b,r,o,i,l,e,d
f,o,r,c,e
s,u,r,r,o,u,n,d,i,n,g
2,7,5
4,x,3
4,x,2
s,e,r,r,a,t,e,d
2,0,-,i,n,c,h
t,e,a,s,p,o,o,n,f,u,l
s,h,i,m,m,e,r,s
p,a,t,s
b,u,t,t,e,r,-,s,i,d,e
1,0,0
i,t,e,m,s
g,o,l,d,s
b,e,e,f,-,p,e,p,p,e,r
l,e,n,g,t,h,e,n
s,a,l,t,i,n,e,s,s
s,p,o,k,e
s,a,r,a,n
a,r,m,s
s,h,r,e,d,d,i,n,g
l,i,b,e,r,a,l,l,y
e,x,p,o,s,e
s,m,i,l,e
1,-,1,/,2
9,-,9
a,d,j,u,s,t,i,n,g
w,a,t,e,r,t,i,g,h,t
l,o,o,s,e,n
d,e,b,o,n,e
g,i,v,e
g,a,l,l,o,n,-,s,i,z,e,d
5,5,0
w,a,n,t
d,r,y,i,n,g
c,h,e,e,s,e,/,t,o,m,a,t,o
h,o,w
g,r,i,n,d,s
p,a,r,a,l,l,e,l
t,y,p,e,s
9,x,5,x,3,-,i,n,c,h
d,e,c,k
u,n,d,e,r,s,i,d,e
s,t,a,g,g,e,r,e,d
b,l,u,e,b,e,r,r,y
c,a,r,v,e
8,Ê,1,/,2
s,a,f,e
m,o,z,z,a,r,e,l,l,a,/,p,r,o,v,o,l,o,n,e
m,u,e,n,s,t,e,r
c,a,c,c,i,a,t,o,r,e
t,w,o,-,q,u,a,r,t
3,-,i,n,c,h,-,w,i,d,e
3,7,0
i,c,e,-,c,o,l,d
s,p,i,c,i,n,g
s,a,n,d
p,a,r,t,i,c,l,e,s
c,a,r,c,a,s,s
f,l,o,w,s
n,o,n,-,f,a,t
e,n,o,r,m,o,u,s
s,i,l,i,c,o,n
x,2,-,i,n,c,h
3,5,-,4,0
w,e,l,l,-,m,i,x,e,d
b,u,c,k,a,r,o,o,s
b,l,a,c,k,e,n,i,n,g
b,r,u,s,h,e,d
f,l,a,m,e
s,e,e,p
b,o,s,t,o,n
r,a,w
m,a,n,n,e,r
s,n,o,w
1,Ê,3,/,4
h,e,r,b,e,s
s,p,r,e,a,d,a,b,l,e
c,l,e,a,r,s
r,e,g,u,l,a,r
p,o,i,n,t,s
p,o,i,n,t,y
s,c,o,t,c,h
n,o,n,p,o,r,o,u,s
b,r,a,i,s,i,n,g
3,-,i,n,c,h,e,s
s,u,b,s,t,i,t,u,t,i,n,g
f,o,l,d,e,d
n,o,-,s,t,i,c,k
p,o,l,e,n,t,a
f,l,u,i,d
a,p,p,e,t,i,z,e,r
c,r,a,c,k,s
b,a,s,m,a,t,i
l,o,w,-,h,e,a,t
p,r,e,t,z,e,l
d,i,s,c,s
2,-,c,u,p
i,t,a,l,i,a,n,-,s,t,y,l,e
n,o,p,a,l,i,t,o,s
g,o,u,l,a,s,h
p,e,b,b,l,e,s
m,a,n,g,o,e,s
r,e,h,y,d,r,a,t,e,d
d,r,o,p,p,i,n,g
w,o,k,/,s,k,i,l,l,e,t
a,w,a,y
a,r,t,i,f,i,c,i,a,l
c,o,n,t,i,n,u,a,l,l,y
m,e,a,t,y
s,c,o,r,e
f,i,n,g,e,r
3,6,5
g,l,o,s,s,y
a,n,c,h,o
h,a,n,d,f,u,l
w,e,a,r
s,u,g,g,e,s,t,e,d
s,e,l,f,-,r,i,s,i,n,g
e,g,g,n,o,g
t,o,u,g,h
s,p,e,a,r
s,p,r,i,n,g,y
p,a,r,l,e,y
m,o,n,o,s,o,d,i,u,m
1,5,x,1,0,x,1,-,i,n,c,h
d,r,o,p,l,e,t,s
s,u,g,a,r,-,b,u,t,t,e,r
t,a,p,p,i,n,g
m,a,c,h,i,n,e,-,k,n,e,a,d
s,a,y
n,e,a,t
m,e,s,q,u,i,t,e
1,1,x,8,x,2,-,i,n,c,h
b,a,c,o,n,/,o,n,i,o,n
b,o,t,t,l,e,s
d,e,e,p,e,n,s
a,c,c,u,m,u,l,a,t,i,n,g
p,a,p,a,y,a
c,y,c,l,e
v,e,r,m,o,n,t
l,o,g,-,s,h,a,p,e,d
r,o,m,a
o,l,i,v,e,-,e,g,g
p,o,u,r,a,b,l,e
e,a,s,e
8,x,4,x,4
b,u,t,t,e,r,/,m,a,r,g,a,r,i,n,e
c,o,g,n,a,c
e,a,s,y
2,0,-,2,5
t,r,i,m,m,i,n,g
r,o,m,a,n,o
b,a,c,k,g,r,o,u,n,d
b,u,r,n,s
p,a,s,t,a,-,b,r,o,c,c,o,l,i
h,o,m,i,n,y
1,4,-,i,n,c,h,-,l,o,n,g
h,a,r,d,e,n,s
o,l,d
i,n,d,i,r,e,c,t
p,r,o,c,e,e,d,i,n,g
o,k,r,a
1,/,2,-,i,n,c,h,-,t,h,i,c,k
s,e,l,e,c,t
c,r,e,a,m,i,n,g
s,h,a,k,e,r
d,i,s,a,p,p,e,a,r,e,d
p,l,o,p
p,l,u,m
s,u,r,r,o,u,n,d
e,n,s,u,r,e
b,o,o,k
c,a,r,a,f,e
m,a,n,g,o,s
v,a,c,a,t,e,d
v,e,r,d,e
d,i,a,p,e,r
f,i,l,l,s
d,o,l,l,o,p,s
s,e,e,p,s
u,p,-,s,i,d,e
c,a,c,a,o
s,a,u,c,e,p,a,n,s
1,0,x,8
p,r,o,f,e,s,s,i,o,n,a,l
c,l,e,a,v,e,r
c,a,r,e,f,u,l
t,e,e,t,h
f,u,s,i,l,l,i
1,1,x,7,-,i,n,c,h
m,i,l,d
q,u,a,r,t,e,r,e,d
r,o,w
b,a,l,l,e,r
m,a,l,l,e,t
8,x,1,3,-,i,n,c,h
t,i,g,h,t,-,f,i,t,t,i,n,g
s,u,c,a,n,a,t
m,a,r,k,s
w,i,d,t,h,w,i,s,e
v,e,g,a,n
l,e,v,e,l
s,e,t,t,l,e
s,k,e,w,e,r
s,h,a,v,e
b,l,a,d,e
s,l,o,w,e,r
r,o,u,g,h
s,u,b,s,t,i,t,u,t,e
1,1,x,1,4,-,i,n,c,h
u,n,i,f,o,r,m
f,a,l,l,i,n,g
p,e,e,l,e,d
g,r,a,v,y,-,l,i,k,e
6,-,8
s,p,a,t,t,e,r,i,n,g
6,-,7
a,p,p,e,a,r,s
t,h,i,r,t,y
c,a,n,a,d,i,a,n
p,e,a,-,s,i,z,e
m,o,n,t,r,e,a,l
h,o,u,r,s,o,r
s,h,i,m,m,e,r
t,a,r,t,s
s,h,a,k,e,n
t,u,b,e,-,s,h,a,p,e
c,o,u,n,t,e,r,t,o,p
p,a,n,c,i,t
m,a,r,b,l,e,d
t,i,n,e,s
c,l,u,m,p,s
f,o,u,r,t,h,s
q,u,i,v,e,r,s
r,e,n,d,e,r,s
f,o,l,l,o,w,i,n,g
c,o,t,i,j,a
m,a,t,z,o
a,g,a,v,e
",",1
a,r,b,o,l
m,a,t
s,u,c,h
p,a,r,t,w,a,y
1,-,q,u,a,r,t
m,a,n
r,e,p,o,s,i,t,i,o,n
d,a,r,k,e,n,e,d
s,o
1,3,9,-,i,n,c,h
p,u,l,l,e,d
2,x,3,/,4,-,i,n,c,h
p,i,n,e,a,p,p,l,e,s
m,a,r,s,h,m,a,l,l,o,w,s
t,o,r,n
k,a,b,o,b,s
h,a,l,t
c,o,v,e,r,e,d,/,c,o,a,t,e,d
p,r,u,n,e,s
g,e,m,e,l,l,i
l,o,i,n
e,n,t,i,r,e,l,y
s,a,u,s,a,g,e,/,c,h,e,e,s,e
c,a,t,c,h,i,n,g
p,r,e,c,o,o,k,e,d
t,i,d,b,i,t,s
b,u,t,t,e,r,-,f,l,o,u,r
m,o,n,s,t,e,r
a,i,o,l,i
s,e,m,i,-,t,r,a,n,s,p,a,r,e,n,t
z,i,g,-,z,a,g
r,a,s,p,b,e,r,r,y
n,u,t,r,i,t,i,o,n,a,l
r,i,n,d
w,e,l,l,-,o,i,l,e,d
m,o,l,d,e,d
g,i,v,e,s
r,e,l,e,a,s,e,s
m,i,n,i,-,b,u,r,g,e,r,s
s,i,m,m,e,r,e,d
w,i,d,e
9,x,1,1
o,v,e,n,p,r,o,o,f
c,a,r,d,s
1,4,x,1,8,-,i,n,c,h
s,t,u,b,b,y
1,0,-,1,5
f,/,6,0
s,i,z,z,l,e
o,f,f,e,r
i,n,t,e,r,i,o,r
b,u,t,t,e,r,f,l,y
c,u,t,l,e,t,s
g,y,r,o
t,o,o,t,h
b,r,o,t,h,/,w,a,t,e,r
1,0,x,1,6
j,u,l,i,e,n,n,e
o,i,l,-,b,u,t,t,e,r
f,i,l,i,n,g
c,h,e,d,d,a,r,-,m,o,n,t,e,r,e,y
s,p,a,c,e,d
s,h,o,w
d,r,y,-,f,r,y
h,a,l,f,l,i,n,g
o,n,l,y
h,u,n,g,a,r,i,a,n
n,o,o,k,s
8,-,1,0
a,w,a,i,t,i,n,g
t,h,i,n,l,y
m,o,r,n,i,n,g
g,o,l,d,e,n,-,b,r,o,w,n
p,a,r,-,b,a,k,e,d
s,e,a,t
l,i,q,u,e,u,r
s,u,g,a,r,-,e,g,g
c,o,n,c,e,n,t,r,a,t,e
t,u,c,k
s,t,o,r,i,n,g
p,e,r,i,o,d
p,o,p
m,e,x,i,c,a,n,-,s,t,y,l,e
5,0,0
d,i,r,e,c,t,i,o,n
s,t,o,v,e,t,o,p
r,e,s,e,a,l
c,a,s,e
t,e,n,d,e,r,-,f,i,r,m
4,-,5
6,0,-,7,0
r,u,b,b,i,n,g
i,m,p,a,l,e,d
r,e,s,h,a,p,e
e,g,g,s,h,e,l,l
d,e,l,i,c,a,t,e
v,e,a,l
s,t,e,a,m,e,d
2,1,0
f,a,t,t,i,e,r
d,i,p,p,e,d
v,e,n,i,s,o,n
s,e,a,m,s
c,r,u,s,t,y
r,i,s,e,s
g,r,i,d
p,o,u,n,d,s
r,e,d,u,c,e,s
s,h,r,i,n,k
n,o,s,e
e,x,p,o,s,e,d
l
d,i,j,o,n,-,s,t,y,l,e
s,q,u,i,r,t
p,o,u,r,i,n,g
s,t,r,a,i,n,e,d
l,e,f,t,o,v,e,r
p,r,e,b,a,k,e,d
e,n,a,m,e,l,e,d
c,o,r,n,b,r,e,a,d
a,m,b,e,r
b,u,r,n,i,n,g
d,i,n,n,e,r,-,s,i,z,e
g,r,a,t,e,r
s,e,a,l,e,d
q,u,a,r,t,-,s,i,z,e
w,o,n,t,o,n
1,0,x,4,-,i,n,c,h
c,a,r,a,w,a,y
t,r,y,i,n,g
1,7,x,1,1,-,1
a,r,r,a,n,g,e,d
5,-,i,n,c,h,e,s
t,o,s,t,a,d,a,s
a,c,c,e,n,t,s
t,a,s,t,y
b,u,t,t,e,r,/,g,a,r,l,i,c
r,u,b,b,e,r
c,l,e,a,n,u,p
l,e,m,o,n,-,l,i,m,e
f,o,r,m,e,d
w,h,i,s,k,e,r,s
p,e,a,k
p,r,o,v,e,n,c,e
p,o,o,l
s,t,r,i,n,g,s
c,h,i,n,e,s,e
s,p,l,i,t,t,i,n,g
3,/,8
s,o,f,t,-,s,e,r,v,e
n,a,r,r,o,w,-,b,o,t,t,o,m
t,h,i,n,-,b,l,a,d,e,d
t,a,i,l
s,i,t,t,i,n,g
r,e,s,u,l,t,s
-,-
p,r,o,s,c,i,u,t,t,o
h,o,l,l,o,w,e,d,-,o,u,t
a,l,i,g,n
a,n,n,a,t,t,o
z,i,p,p,e,r,e,d
p,a,s,t
f,u,r,t,h,e,r
a,p,p,l,y
f,r,e,e
3,4
i,n,c,r,e,m,e,n,t,s
7,Ê,1,/,2
m,i,n,i,a,t,u,r,e
a,s,k
c,h,u,n,k,y
s,n,u,g
m,e,d,i,u,m,-,h,e,a,t
g,o,l,f
1,2,x,7
a,s,h
e,y,e
t,a,k,e,s
p,e,a,r,s
f,r,a,g,r,a,n,c,e
t,a,c,k,y
d,i,a,m,o,n,d
d,o,o,r
i,m,m,e,r,s,i,o,n
l,e,m,o,n,s
2,-,q,t
1,4,x,1,0,-,i,n,c,h
d,r,e,s,s
s,t,r,i,n,g
!
c,l,i,n,g
c,r,e,a,t,u,r,e
p,e,t,i,t,e
b,l,o,o,m
d,i,s,s,o,l,v,i,n,g
6,Ê,1,/,2
g,i,n,g,e,r,-,s,o,y
g,a,l,l,o,n,-,s,i,z,e
p,a,n,t
s,o,o,n
h,e,l,d
c,o,n,c,e,n,t,r,i,c
i,n,w,a,r,d
l,i,p,p,e,d
b,r,a,i,s,e
3,5,0,-,d,e,g,r,e,e
d,o,n,a,i,r
m,u,f,f,i,n,/,c,u,p,c,a,k,e
f,o,o,t
b,i,g,g,e,r
u,n,c,o,v,e,r,i,n,g
m,e,a,t,-,a,n,d,-,s,p,i,c,e,s
w,e,e,k
b,e,y,o,n,d
g,r,a,n,u,l,a,t,e,d
d,r,i,n,k
r,i,s,e,n
d,e,e,p,-,d,i,s,h
e,n,g,l,i,s,h
w,o,v,e,n
n,o,t,e,d
d,a,i,s,y
v,i,r,g,i,n
s,t,a,n,d,-,m,i,x,e,r
f,e,e,l
s,y,r,u,p,-,l,i,k,e
o,n,i,o,n,-,h,a,b,a,n,e,r,o
h,e,a,d,s
6,-,o,u,n,c,e
1,8,0
w,o,n,d,e,r,f,u,l
b,o,l,i,l,l,o
p,a,s,s,e,d
l,i,s,t,e,d
p,a,r,e
p,r,e,-,b,a,k,e,d
o,v,e,n,-,r,o,a,s,t,i,n,g
l,i,e
t,o,w,a,r,d,s
l,e,a,k,i,n,g
e,x,t,r,e,m,e,l,y
s,t,u,r,d,y
r,a,t,l,o,a,f
3,x,7
c,a,r,e,f,u,l,l,y
d,u,n,c,a,n
g,o,o,e,y
c,o,l,b,y
j,e,l,l,y,r,o,l,l
c,u,r,r,y,-,c,h,i,l,i
f,e,e,l,s
g,l,o,v,e,d
g,i,n,g,e,r,s,n,a,p
b,r,e,a,d,i,n,g
n,a,c,h,o
d,e,l,i,c,a,t,e,l,y
a,c,h,i,e,v,e,d
u,s,e,s
s,e,e
q,u,i,c,h,e
l,i,d,d,e,d
5,-,1,/,2
c,a,r,b,o,n,a,t,e,d
c,r,e,a,t,i,n,g
s,i,l,i,c,o,n,e
h,a,l,f,-,h,o,u,r
r,a,s,p,b,e,r,r,i,e,s
l,i,m,e,a,d,e
l,o,a,d
c,u,t,s
s,i,m,p,l,y
s,u,p,p,l,e
w,e,a,v,i,n,g
v,e,l,v,e,e,t,a
1,3,x,9,x,2,-,i,n,c,h
n,a,p,a
a,s,s,o,r,t,e,d
p,e,p,p,e,r,c,o,r,n,s
h,a,n,d,l,i,n,g
g,r,a,i,n,s
s,e,l,f,-,s,e,a,l,i,n,g
h,e,a,t,-,p,r,o,o,f
c,a,r,a,m,e,l,i,z,e
i,t,s,e,l,f
r,i,b
e,n,d,i,v,e
f,l,a,t,-,e,d,g,e,d
c,h,u,r,n
m,i,x,t,u,r,e,s
l,e,n,g,t,h,s
o,n,e,-,q,u,a,r,t,e,r
a,l,e,p,p,o
f,a,t,t,y
m,o,u,n,t,a,i,n
z,i,p,l,o,c,k
b,o,u,n,c,e,s
s,o,l,i,d,s
4,3,0
b,r,i,q,u,e,t,t,e,s
r,o,a,s,t,e,r
i,n,t,e,r,v,a,l,s
c,h,i,c,k,e,n,-,s,w,e,e,t
l,o,c,a,t,i,o,n
s,h,o,e,s,t,r,i,n,g
b,i,g
d,r,i,p,p,i,n,g
w,i,n,g,s
c,r,o,i,s,s,a,n,t,s
s,h,a,p,e,s
m,e,d,i,u,m,-,h,o,w
l,i,g,h,t,-,c,o,l,o,r,e,d
l,i,n,g,e,r,s
z,u,c,c,h,i,n,i,s
a,n,d,/,o,r
l,a,r,d
j,e,l,l,y,-,r,o,l,l
e,m,u,l,s,i,f,i,e,d
i,n,s,e,r,t,i,n,g
r,u,m
c,r,i,s,p,i,e,s
s,t,e,m
l,a,s,t,s
u,p,r,a,i,s,e,d
p,i,l,e,d
o,u,n,c,e
g,h,e,r,k,i,n,s
e,q,u,a,l,-,s,i,z,e,d
s,h,i,n,y
h,i,n,e,s
p,o,a,c,h,i,n,g
c,r,i,s,p,-,t,e,n,d,e,r
s,u,i,t
.,5
a,s,h,-,c,o,v,e,r,e,d
u,p,r,i,g,h,t
m,o,u,n,d,i,n,g
d,i,s,h,c,o,m,b,i,n,e
r,a,i,s,i,n,g
c,a,b,b,a,g,e,-,k,a,l,e
s,e,v,e,n
c,u,r,l
c,o,h,e,s,i,v,e
m,a,i,l,l,e
d,a,s,h,e,s
l,e,n,t,i,l,s
d,r,a,w
d,e,v,e,l,o,p,s
e,g,g,s,h,e,l,l,s
3,-,1,/,2
d,e,g,l,a,z,e
w,a,f,e,r
d,e,p,t,h
h,e,a,t,s
b,u,f,f,a,l,o
r,e,s,i,s,t,a,n,c,e
g,r,i,n,d,i,n,g
r,e,h,e,a,t,e,d
g,h,e,r,k,i,n
s,p,i,l,l,a,g,e
b,o,t,t,o,m,e,d
1,/,8,-,i,n,c,h
d,e,s,s,e,r,t
w,a,v,y
c,h,a,l,l,a,h
t,r,i
c,o,l,o,r,s
c,u,p,f,u,l,s
j,u,m,p
e,s,p,r,e,s,s,o
f,i,r,m,s
p,u,s,h,i,n,g
f,i,f,t,e,e,n
s,o,y,m,i,l,k
3,2
m,o,r,s,e,l,s
m,i,n,i,-,l,o,a,v,e,s
c,y,l,i,n,d,e,r,s
m,a,k,e,r
l,i,n,e,n
m,o,t,o,r
6,-,i,n,c,h
s,t,a,n,d,i,n,g
m,a,t,c,h,s,t,i,c,k,s
n,o,o,d,l,e,-,c,h,i,c,k,e,n
o,i,l,s
1,5,-,1,8
r,e,h,y,d,r,a,t,e
n,o,n,r,e,a,c,t,i,v,e
t,e,a,r,i,n,g
f,a,r,f,e,l
w,h,i,s,k,y
d,u,s,t,e,d
c,r,o,s,s,e,d
d,r,o,p,s
h,a,l,l,o,w,e,e,n
9,x,9,-,i,n,c,h
f,l,o,u,r,s
s,l,i,t
s,y,r,u,p,y
a,r,r,a,n,g,e,m,e,n,t
c,a,r,d,a,m,o,m
i,m,m,e,r,s,e,d
c,h,i,v,e
1,2,-,1,6
d,r,a,p,e
m,a,r,t,i,n,i
r,e,n,d,e,r,e,d
e,n,c,l,o,s,e
h,e,a,t,p,r,o,o,f
b,u,t,t,e,r,n,u,t
f,r,e,n,c,h,-,f,r,i,e,d
o,u,t,e,r
m,a,r,s,h,m,a,l,l,o,w
m,a,s,h,i,n,g
s,e,m,i,-,s,o,f,t
c,h,i,l,e,-,g,a,r,l,i,c
t,s,p
d,e,s,i,g,n,s
w,e,l,l,s
f,i,e,s,t,a
m,u,d,d,l,e
s,t,o,u,t
p,i,n,t
s,u,g,a,r,-,v,i,n,e,g,a,r
c,h,u,n,k
i,n,v,e,r,t,e,d
p,i,s,t,a,c,h,i,o,s
e,s,c,a,r,o,l,e
s,e,p,a,r,a,t,i,n,g
t,w,i,c,e
m,u,f,f,i,n,-,p,a,n
s,h,o,r,t,e,s,t
m,a,r,s,a,l,a
p,o,w,e,r,f,u,l
s,p,i,r,a,l
s,t,r,a,i,n,i,n,g
r,e,a,c,h,e,d
p,a,s,t,a,-,v,e,g,e,t,a,b,l,e
c,h,i,l,i,-,f,l,a,v,o,r,e,d
1,0,x,1,5,-,i,n,c,h
3,/,4,-,f,u,l,l
2,-,3
c,h,i,p,o,t,l,e,-,f,l,a,v,o,r,e,d
g,r,i,l,l,/,b,r,o,i,l
s,h,e,l,f
c,o,n,f,e,c,t,i,o,n,e,r
1,2,x,1,7
d,o,w,e,l
d,r,u,m,s,t,i,c,k,s
c,h,i,c,k,e,n,-,p,a,s,t,a
v,i,n,e,g,a,r,/,w,a,t,e,r
s,t,e,e,p
1,.,5
g,e,n,t,l,y
p,a,t,t,i,n,g
s,c,r,e,w
s,p,r,i,n,k,l,e,s
w,a,f,f,l,e,s
s,c,o,o,p,i,n,g
m,u,s,t,a,r,d,s
c,r,i,s,c,o
v,e,n,t,s
c,e,n,t,r,e
r,a,s,p,b,e,r,r,y,-,c,h,e,e,s,e
r,e,f,i,l,l
o,c,c,a,s,i,o,n
s,c,r,a,p
4,Ê,1,/,2
d,o,u,g,h,y
b,r,i,n,e
7,x,4
b,e,e,f,-,t,o,m,a,t,o
a,c,h,i,e,v,e
w,a,t,c,h,i,n,g
c,r,u,m,b,l,i,n,g
a,c,t
c,h,e,e,s,e,-,s,p,r,e,a,d
s,u,e,t
g,i,n,g,e,r,s,n,a,p,s
a,r,e,a,s
g,r,a,y
p,r,o,c,e,s,s,e,r
l,o,o,k,s
h,a,r,d,w,o,o,d
b,a,s,t,e,r
c,o,i,l,s
a,t,t,e,m,p,t,i,n,g
b,e,c,o,m,i,n,g
t,o,m,a,t,o,-,b,a,s,i,l
c,l,o,s,e,d
m,e,m,b,r,a,n,e
t,o,f,f,e,e
r,a,g,u
g,a,r,b,a,n,z,o
n,o,p,a,l,i,t,o
t,a,k,i,n,g
e,t,c
m,a,n,l,o,a,f
e,l,e,g,a,n,t
w,a,l,n,u,t
t,h,r,e,e,-,f,o,u,r,t,h,s
l,a,d,l,e,d
d,i,s,i,n,t,e,g,r,a,t,e
9,x,1,1,-,i,n,c,h
p,o,u,r,e,d
f,l,o,a,t,s
g,o,d,d,e,s,s
1,-,c,u,p
j,a,l,e,p,e,n,o
/
p,l,a,i,n
h,a,r,d,e,n
w,i,l,d
s,t,u,f,f,i,n,g
r,i,p,e
d,r,i,p,s
d,r,a,i,n,i,n,g
s,i,t,s
c,o,n,s,e,r,v,e
w,h,i,r,l
g,r,i,n,d,e,r
p,i,t,h
b,a,l,l,o,o,n
u,n,d,i,s,t,u,r,b,e,d
a,p,r,i,c,o,t,s
1,5,x,1,2,-,i,n,c,h
1,-,2
e,f,f,e,c,t
w,a,r,m,i,n,g
p,o,u,l,t,r,y
c,a,r,a,m,e,l,i,z,e,s
h,a,z,e,l,n,u,t,s
b,e,e,f,/,v,e,g,e,t,a,b,l,e
c,a,r,a,m,e,l,i,z,e,d
c,a,s,h,e,w
1,1,-,i,n,c,h
g,u,t,s
2,Ê,1,/,4
o,a,t
c,r,a,n,n,i,e,s
o,f,f,-,c,e,n,t,e,r
2,6,5
n,o,n,-,r,e,a,c,t,i,v,e
g,l,a,z,i,n,g
c,r,i,s,s
1,Ê,1,/,3
l,o,s,e
w,o,r,k,s
f,e,t,t,u,c,c,i,n,i
s,m,o,o,t,h,l,y
f,e,t,t,u,c,c,i,n,e
h,o,m,e
s,t,e,a,m,i,n,g
l,e,a,k
c,a,b,b,a,g,e,s
d,o,e,s
t,r,u,f,f,l,e
p,i,m,i,e,n,t,o,s
p,e,a,r
s,l,a,n,t
r,a,r,e
c,l,e,a,n,s
g,o,r,g,o,n,z,o,l,a
s,w,e,a,t
f,l,a,i,r
o,w,n
g,u,a,r,d
s,t,a,i,n,l,e,s,s
1,1,x,1,7,-,i,n,c,h
s,p,o,t,s
1,4,-,i,n,c,h
8,x,1,0
b,a,g,g,e,d
u,n,w,r,a,p
s,o,u,r,-,c,r,e,a,m
g,a,i,n
o,v,e,r,f,l,o,w
e,a,t
m,a,d,e
t,o,s,s,e,d
b,e,d,s
w,h,i,t,i,s,h
g,a,p,s
s,i,f,t,e,d
c,l,o,s,e,l,y,-,s,p,a,c,e,d
u,t,e,n,s,i,l,s
p,e,n,n,e
g,l,u,t,a,m,a,t,e
s,e,m,i,-,t,r,a,n,s,l,u,c,e,n,t
d,r,e,s,s,e,d
p,e,r,c,e,n,t
1,5,x,1,0,-,i,n,c,h
2,-,1,/,2
m,e,d,i,u,m,/,h,i,g,h
s,t,a,r
v,a,r,i,a,t,i,o,n
t,o,a,s,t,y
c,a,p,e,r,s
p,a,s,t,a,-,c,h,i,c,k,e,n
d,i,p,p,e,r,s
p,o,d,s
b,a,k,e,r
1,5,-,2,0
p,i,l,a,f
U,N,K,N,O,W,N,_,T,O,K,E,N
